aa,variant,iks,iks_pval,v12,v12_pval,tau_act,tau_act_pval,tau_deact,tau_deact_pval,cell_surf_exp,tot_exp,traffick_eff,tagg_class
104,T104S,1.43,0.227,-1.74,1,1.05,1,1.05,1,93.2,101.8,113.9,not_measured
104,T104I,0.2,0.001,2.64,1,1.95,0.001,0.93,1,64.9,89,90.7,not_measured
105,H105Y,1.59,0.021,1.41,1,1.28,1,0.99,1,78.4,94.7,102.2,not_measured
105,H105L,1.35,0.642,-4.27,0.037,0.74,1,1.01,1,80.2,97.6,101.6,not_measured
105,H105N,0.84,1,-0.01,1,1.66,0.001,1,1,105.6,131.8,98.9,not_measured
106,V106I,0.79,1,1.75,1,1.18,1,0.95,1,103.7,121.4,106.7,not_measured
107,Q107H,0.47,0.011,-0.66,1,0.97,1,1.08,1,5.6,20.1,33.8,not_measured
109,R109L,1.24,1,-2.94,1,0.8,1,1.02,1,91.9,114,99.2,not_measured
110,V110I,0.43,0.001,1.27,1,1.43,0.463,0.95,1,96.4,114.1,104.8,not_measured
111,Y111C,0.08,0.001,nan,nan,nan,nan,nan,nan,2,17.6,13.5,not_measured
114,L114P,0.1,0.002,nan,nan,nan,nan,nan,nan,2,15.6,14.8,not_measured
115,E115G,0.16,0.007,nan,nan,nan,nan,nan,nan,1.9,18.5,12.6,not_measured
117,P117L,0.08,0.014,nan,nan,nan,nan,nan,nan,5.5,25.7,26.3,not_measured
118,T118S,0.86,1,3.69,0.669,1.42,0.465,1.14,1,100.7,110.6,112,not_measured
119,G119R,0.16,0.013,nan,nan,nan,nan,nan,nan,not_measured,not_measured,not_measured,not_measured
122,C122Y,0.09,0.001,nan,nan,1.66,1,nan,nan,71.7,95.6,66.8,not_measured
124,V124I,0.92,1,-0.66,1,1.34,0.64,1.01,1,112.8,112.1,79.8,not_measured
125,Y125D,0.08,0.001,nan,nan,nan,nan,1.52,0.002,2.1,12.6,20,not_measured
126,H126L,0.11,0.001,nan,nan,0.56,1,nan,nan,3.7,32.4,4.2,not_measured
127,F127L,0.48,0.036,5.7,0.007,0.93,1,0.73,0.02,110.7,107.6,85.1,not_measured
128,A128T,0.98,1,-2.74,1,0.98,1,0.87,1,112.8,101.8,95.3,not_measured
129,V129I,0.82,1,3.4,1,1.61,0.096,1.19,0.591,132,120.7,91.1,not_measured
129,V129G,0.2,0.003,nan,nan,0.42,0.393,0.8,0.068,not_measured,not_measured,not_measured,not_measured
129,V129A,0.06,0.001,nan,nan,0.21,0.001,nan,nan,91.4,74.3,122.9,not_measured
131,L131P,0.17,0.001,nan,nan,0.98,1,nan,nan,45.4,41.9,102.4,not_measured
132,I132L,1.27,1,1.93,1,1.91,0.005,1.89,0.001,104.4,109.9,90.7,not_measured
133,V133I,1.1,1,-2.62,1,0.87,1,0.85,1,95,110.9,85,not_measured
134,L134P,0.09,0.001,nan,nan,nan,nan,nan,nan,99.6,60,177.7,not_measured
135,V135A,0.88,1,-1.85,1,1.02,1,1.19,1,92.3,103.2,91.7,not_measured
135,V135I,1.15,1,-4.52,0.002,0.84,1,0.99,1,83.6,99.1,92.7,not_measured
136,C136F,0.3,0.001,-6.49,0.722,1.19,1,0.5,0.001,not_measured,not_measured,not_measured,not_measured
140,S140R,0.14,0.004,nan,nan,nan,nan,nan,nan,not_measured,not_measured,not_measured,not_measured
144,T144A,0.98,1,-14.41,0.001,0.69,0.444,nan,nan,not_measured,not_measured,not_measured,not_measured
146,E146K,0.83,1,5.37,0.172,1.17,1,1.01,1,not_measured,not_measured,not_measured,not_measured
146,E146G,0.66,0.001,3.17,0.001,1.35,0.059,1.04,0.128,96.7,105.1,92.1,1
149,A149V,1.15,1,0.3,1,1.18,1,0.93,1,73.4,66.1,127.2,not_measured
150,A150V,0.61,1,-1.03,1,0.93,1,1.01,1,96.8,90.6,113.8,not_measured
150,A150G,1.84,0.001,0.95,1,1.53,0.002,1.02,1,not_measured,not_measured,not_measured,not_measured
150,A150T,0.8,1,0.99,1,1.47,0.035,0.99,1,156.1,117.4,139.3,not_measured
153,T153M,1.41,0.007,-3.29,0.012,0.61,0.831,1.25,0.001,36.1,40.8,88.5,1
157,F157S,0.22,0.001,19.17,0.001,1.54,0.233,nan,nan,not_measured,not_measured,not_measured,not_measured
158,W158C,0.07,0.001,nan,nan,nan,nan,nan,nan,74.6,70.9,105.2,0
159,M159L,0.8,0.192,1.42,0.503,1.58,0.39,0.71,0.323,not_measured,not_measured,not_measured,not_measured
160,E160V,0.09,0.04,nan,nan,0.67,0.105,0.66,0.025,not_measured,not_measured,not_measured,not_measured
160,E160R,0.17,0.001,nan,nan,0.65,0.8,0.45,0.001,32.8,60.4,54.6,0
160,E160K,0.12,0.001,nan,nan,nan,nan,nan,nan,15.8,35.5,55,not_measured
162,V162M,0.49,0.001,1.08,0.402,1.45,0.648,0.87,0.008,102.5,98.2,104.3,1
164,V164A,0.52,0.053,4.67,0.667,0.59,0.393,nan,nan,not_measured,not_measured,not_measured,not_measured
165,V165M,1.01,0.943,-3.89,0.015,1.03,0.945,1.14,0.001,83.7,86.2,96.8,1
165,V165A,0.75,0.535,nan,nan,0.88,0.393,0.82,0.068,not_measured,not_measured,not_measured,not_measured
166,F166M,0.53,0.013,-12.83,0.004,0.48,0.015,1.03,0.594,67.1,56.8,118.1,not_measured
169,T169R,0.04,0.001,nan,nan,nan,nan,nan,nan,not_measured,not_measured,not_measured,not_measured
169,T169M,0.95,0.925,-3.5,0.004,1.41,0.784,1.16,0.001,86.5,87.8,121.6,not_measured
171,Y171H,0.1,0.001,-6.89,0.009,0.87,0.974,nan,nan,0.983,11.9523,7.1988,0
172,V172M,1.12,0.314,0.76,0.057,1.11,0.936,1.13,0.002,100.8,92.2,109.3,1
172,V172L,0.8,0.512,2.29,0.667,0.83,0.393,1.18,0.068,not_measured,not_measured,not_measured,not_measured
174,R174C,0.08,0.001,nan,nan,nan,nan,nan,nan,2.2,14,17.2,not_measured
174,R174P,0.04,0.001,nan,nan,0.89,0.954,nan,nan,not_measured,not_measured,not_measured,not_measured
174,R174H,0.03,0.001,nan,nan,nan,nan,nan,nan,4.2,20,25.6,not_measured
174,R174L,0.15,0.001,nan,nan,1.76,0.307,nan,nan,9.7,17.5,68,not_measured
176,W176R,0.12,0.001,nan,nan,nan,nan,nan,nan,2.5,10.8,24.1,not_measured
179,G179A,0.15,0.001,-19.74,0.001,0.91,1,nan,nan,not_measured,not_measured,not_measured,not_measured
179,G179S,0.11,0.001,3.12,1,1.35,1,0.81,1,4.1,17.7,25.3,not_measured
181,R181C,1.12,0.529,-0.37,0.667,1.13,0.393,1.09,0.068,not_measured,not_measured,not_measured,not_measured
181,R181H,1.11,0.074,6.93,0.001,1.21,0.743,0.87,0.005,not_measured,not_measured,not_measured,not_measured
181,R181L,1,1,4.67,0.002,1.29,0.283,0.9,0.009,not_measured,not_measured,not_measured,not_measured
183,K183R,1.09,0.67,1.53,0.702,1.03,0.885,1.02,0.707,not_measured,not_measured,not_measured,not_measured
186,G186S,0.21,0.008,8.78,0.111,0.71,0.105,0.66,0.021,not_measured,not_measured,not_measured,not_measured
186,G186C,0.04,0.001,nan,nan,0.85,1,nan,nan,not_measured,not_measured,not_measured,not_measured
186,G186D,0.06,0.001,nan,nan,0.78,0.589,nan,nan,not_measured,not_measured,not_measured,not_measured
187,L187P,1.26,1,-0.4,1,0.95,1,1.07,1,not_measured,not_measured,not_measured,not_measured
188,W188S,0.68,0.077,3.11,0.503,nan,nan,0.96,0.323,not_measured,not_measured,not_measured,not_measured
189,G189E,0.05,0.001,nan,nan,nan,nan,nan,nan,1.2,12.3,8.3,0
189,G189A,0.07,0.001,nan,nan,1.15,1,nan,nan,2.4,14.1,19.6,not_measured
190,R190P,0.12,0.001,nan,nan,0.53,0.531,nan,nan,not_measured,not_measured,not_measured,not_measured
190,R190L,0.05,0.001,nan,nan,2.84,0.001,nan,nan,not_measured,not_measured,not_measured,not_measured
191,L191P,0.02,0.001,nan,nan,nan,nan,nan,nan,not_measured,not_measured,not_measured,not_measured
192,R192C,0.26,0.001,1.74,0.263,1.37,0.092,1.03,0.783,39.8,48.1,82.6,0
192,R192H,0.58,0.001,2.9,0.057,1.02,0.936,0.99,0.792,53,50.3,105.5,0
193,F193L,0.08,0.003,nan,nan,0.74,0.105,0.66,0.026,not_measured,not_measured,not_measured,not_measured
194,A194P,0.06,0.037,nan,nan,nan,nan,nan,nan,not_measured,not_measured,not_measured,not_measured
195,R195P,0.08,0.001,nan,nan,2.11,0.04,nan,nan,2,16.8,11.6,not_measured
195,R195Q,0.34,0.001,4.09,0.001,6.89,0.001,1.01,0.782,42.5,64.8,65.6,1
195,R195W,1.04,0.719,-4.71,0.001,0.67,0.072,1,0.782,50.4,74.1,68.5,not_measured
196,K196T,0.24,0.001,14.27,0.001,3.01,0.001,1.04,1,58.3,61.6,116.9,not_measured
197,P197S,0.48,0.191,-4.02,1,0.71,1,0.59,0.004,21.2,40.2,65.2,not_measured
197,P197H,0.1,0.001,nan,nan,0.26,0.01,1.05,0.323,not_measured,not_measured,not_measured,not_measured
197,P197L,0.64,0.002,3.47,0.002,0.98,0.914,0.72,0.001,59.1,68.1,107.3,not_measured
198,I198V,0.39,0.001,9.46,0.001,1.07,0.66,0.6,0.001,108.2,87.4,124.2,1
199,S199A,1.72,0.001,-8.78,0.001,0.46,0.055,0.95,0.493,not_measured,not_measured,not_measured,not_measured
202,D202G,0.08,0.002,nan,nan,nan,nan,nan,nan,not_measured,not_measured,not_measured,not_measured
203,L203P,0.02,0.001,nan,nan,nan,nan,nan,nan,not_measured,not_measured,not_measured,not_measured
204,I204F,0.12,0.001,nan,nan,0.28,0.001,0.66,0.419,93.7,90.4,103.9,1
205,V205M,0.49,0.001,16.07,0.001,2.73,0.001,0.41,0.001,185.9,102.7,182.6,1
207,V207M,0.38,0.001,2.99,0.001,1.15,0.616,0.87,0.002,70.8,85.6,102,not_measured
209,S209P,0.92,1,-0.44,1,0.84,1,nan,nan,88.5,87.2,102.4,not_measured
210,M210I,0.98,0.856,-2.78,0.059,1.04,0.8,0.87,0.001,146.9,130.6,113,1
215,V215G,0.38,0.001,11.85,0.001,1.38,0.546,0.49,0.001,58.9,76.7,76.8,1
215,V215M,0.4,0.001,8.95,0.001,1.2,0.582,0.53,0.001,103.5,102.1,101.6,1
218,K218E,0.99,1,-5.97,0.015,0.7,1,1.1,1,101.8,93.1,135.5,not_measured
225,S225W,0.57,0.138,-17.88,0.001,0.95,1,nan,nan,not_measured,not_measured,not_measured,not_measured
225,S225L,0.07,0.001,nan,nan,0.91,0.936,nan,nan,166.1,105.3,158.3,1
227,I227L,0.45,0.02,2.44,1,0.74,1,1.56,0.001,142.9,116,152,not_measured
229,G229D,2.26,0.071,-44.22,0.001,1.81,0.246,0.9,0.723,10.3,49.1,20.3,not_measured
230,I230L,0.75,0.059,9.73,0.001,7.85,0.001,1.44,0.001,116.4,101.1,116,1
231,R231C,0.84,0.349,-49.86,0.001,nan,nan,nan,nan,514.9,177.6,290,not_measured
231,R231F,1.54,0.011,-42.45,0.001,2.19,0.001,1.63,0.001,151,107.3,139.5,not_measured
231,R231M,0.54,0.017,-52.19,0.001,1.18,0.602,nan,nan,328,136,241,not_measured
234,Q234L,0.25,0.001,nan,nan,0.4,0.013,1.78,0.323,not_measured,not_measured,not_measured,not_measured
234,Q234R,0.38,0.028,nan,nan,0.5,0.496,0.81,0.847,not_measured,not_measured,not_measured,not_measured
234,Q234M,0.35,0.001,-7.23,0.097,0.71,0.003,1.17,0.8,68.5,112.5,61,1
234,Q234C,0.33,0.001,-49.18,0.001,0.14,0.001,nan,nan,115.4789,110.7094,104.475,1
234,Q234P,0.18,0.002,nan,nan,3.02,0.001,nan,nan,131.8,116.4,140.1,not_measured
236,L236P,0.3,0.029,nan,nan,nan,nan,nan,nan,47,78.1,72,not_measured
236,L236R,0.09,0.001,nan,nan,1.48,1,nan,nan,15.6,56.1,33.5,not_measured
237,R237M,0.46,0.001,-23.72,0.001,0.48,0.393,0.56,0.8,127.194,79.3407,160.2943,1
237,R237C,0.31,0.001,-15.23,0.001,0.33,0.015,nan,nan,153.1,82.8,184.8,1
241,V241I,0.79,1,6.5,0.006,0.91,1,0.57,0.001,100.5,107.7,94,not_measured
242,D242E,0.3,0.041,nan,nan,nan,nan,nan,nan,not_measured,not_measured,not_measured,not_measured
243,R243S,0.24,0.014,nan,nan,0.31,0.519,0.99,0.969,not_measured,not_measured,not_measured,not_measured
243,R243C,0.03,0.001,nan,nan,nan,nan,nan,nan,82.6,79.8,104,0
243,R243H,0.31,0.001,nan,nan,nan,nan,nan,nan,113.7,86,131.9,1
245,G245R,0.06,0.001,nan,nan,1.03,1,nan,nan,not_measured,not_measured,not_measured,not_measured
247,T247I,0.14,0.001,13.19,0.001,0.39,0.007,nan,nan,82.1,86.6,95.1,0
248,W248R,0.09,0.001,nan,nan,0.27,0.001,0.48,0.001,not_measured,not_measured,not_measured,not_measured
251,L251Q,0.1,0.001,nan,nan,0.27,0.001,0.5,0.001,not_measured,not_measured,not_measured,not_measured
253,S253A,0.28,0.001,8.59,0.001,0.73,0.271,0.8,0.001,not_measured,not_measured,not_measured,not_measured
254,V254M,0.21,0.001,1.94,0.668,0.37,0.8,0.46,0.001,86.6356,95.3392,90.9083,1
256,F256M,0.53,0.001,4.97,0.002,0.89,1,0.92,0.163,not_measured,not_measured,not_measured,not_measured
258,H258R,0.22,0.001,nan,nan,nan,nan,nan,nan,0.117,30.1073,0.4234,0
259,R259H,0.22,0.001,14.59,0.001,1.83,0.002,0.75,0.001,68.6,65,105.9,1
261,E261K,0.09,0.001,nan,nan,0.14,0.001,0.5,0.001,not_measured,not_measured,not_measured,not_measured
264,T264E,0.04,0.001,-0.98,1,nan,nan,nan,nan,not_measured,not_measured,not_measured,not_measured
266,L266R,0.06,0.001,nan,nan,nan,nan,nan,nan,1.2,20.5,6.8,0
267,Y267F,0.21,0.001,12.35,0.001,1.03,0.995,0.31,0.001,not_measured,not_measured,not_measured,not_measured
268,I268S,0.11,0.001,nan,nan,nan,nan,nan,nan,not_measured,not_measured,not_measured,not_measured
269,G269S,0.25,0.001,-2.3,0.498,0.42,0.03,0.65,0.021,80.9879,95.6249,85.3586,1
273,L273P,0.04,0.001,nan,nan,nan,nan,nan,nan,not_measured,not_measured,not_measured,not_measured
277,S277L,0.22,0.001,nan,nan,0.32,0.8,0.52,0.001,0,37.6559,0,0
279,F279C,0.81,0.206,nan,nan,1.68,0.366,1.26,0.238,not_measured,not_measured,not_measured,not_measured
279,F279I,1.19,1,3.56,1,1.24,0.087,0.68,0.001,143.1,110.1,130.1,not_measured
280,V280E,0.04,0.001,nan,nan,nan,nan,nan,nan,not_measured,not_measured,not_measured,not_measured
282,L282V,0.19,0.001,8.65,0.009,0.18,0.021,1.2,0.026,not_measured,not_measured,not_measured,not_measured
283,A283G,0.02,0.001,nan,nan,nan,nan,nan,nan,not_measured,not_measured,not_measured,not_measured
284,E284K,0.03,0.001,nan,nan,nan,nan,nan,nan,not_measured,not_measured,not_measured,not_measured
287,A287E,0.86,0.116,-1.98,0.011,1.71,0.001,1.12,0.001,92.9,89.6,103.9,1
287,A287V,1.03,0.968,-2.09,0.047,1.52,0.158,1.23,0.001,not_measured,not_measured,not_measured,not_measured
288,V288M,2.14,0.151,8.91,0.457,0.58,0.373,nan,nan,not_measured,not_measured,not_measured,not_measured
290,E290K,0.58,0.012,9.2,0.001,1.45,0.172,0.9,0.014,not_measured,not_measured,not_measured,not_measured
292,G292D,0.23,0.001,nan,nan,nan,nan,2.02,0.238,not_measured,not_measured,not_measured,not_measured
294,V294M,3.25,0.001,-4.63,0.457,1.87,0.311,1.39,0.466,not_measured,not_measured,not_measured,not_measured
297,G297S,0.87,1,nan,nan,nan,nan,0.92,1,not_measured,not_measured,not_measured,not_measured
300,A300T,0.21,0.001,-18.91,0.001,1.22,1,0.74,1,not_measured,not_measured,not_measured,not_measured
300,A300S,0.53,0.001,6.65,0.001,1.37,0.033,1.03,0.407,not_measured,not_measured,not_measured,not_measured
300,A300E,0.07,0.001,nan,nan,0.51,0.001,nan,nan,not_measured,not_measured,not_measured,not_measured
302,A302E,0.06,0.001,nan,nan,nan,nan,nan,nan,not_measured,not_measured,not_measured,not_measured
302,A302V,0.16,0.001,nan,nan,0.22,0.001,0.65,0.004,9.0557,54.78,17.2823,1
306,G306E,0.17,0.001,nan,nan,nan,nan,nan,nan,not_measured,not_measured,not_measured,not_measured
307,V307L,1.16,1,nan,nan,2.04,0.139,1.8,0.034,112.4,108.8,103.5,not_measured
307,V307E,0.07,0.001,nan,nan,nan,nan,nan,nan,not_measured,not_measured,not_measured,not_measured
310,V310S,1.11,0.854,-7.26,0.001,0.5,0.003,1.47,0.001,not_measured,not_measured,not_measured,not_measured
313,I313F,0.07,0.001,nan,nan,nan,nan,nan,nan,not_measured,not_measured,not_measured,not_measured
315,Y315C,0.08,0.001,nan,nan,0.15,0.003,nan,nan,65.5151,80.9845,81.8785,1
318,K318T,0.46,0.001,7.19,0.001,1.73,0.065,1.13,0.001,not_measured,not_measured,not_measured,not_measured
322,T322M,0.1,0.001,nan,nan,0.07,0.002,0.51,0.001,1.5029,21.9262,6.8974,0
323,W323A,0.24,0.001,-5.58,0.001,0.59,0.717,0.98,0.607,not_measured,not_measured,not_measured,not_measured
323,W323F,0.86,0.031,0.05,0.953,1.12,0.991,0.89,0.001,not_measured,not_measured,not_measured,not_measured
323,W323L,0.18,0.001,-11.33,0.001,0.55,0.688,0.84,0.001,not_measured,not_measured,not_measured,not_measured
324,L342H,0.26,0.002,nan,nan,0.74,1,0.76,1,not_measured,not_measured,not_measured,not_measured
329,A329V,0.1,0.001,nan,nan,nan,nan,nan,nan,not_measured,not_measured,not_measured,not_measured
331,C331Y,0.17,0.005,nan,nan,nan,nan,nan,nan,not_measured,not_measured,not_measured,not_measured
334,V334S,0.09,0.001,nan,nan,nan,nan,nan,nan,not_measured,not_measured,not_measured,not_measured
337,I337F,0.08,0.001,nan,nan,nan,nan,nan,nan,not_measured,not_measured,not_measured,not_measured
339,F339Y,0.1,0.001,nan,nan,nan,nan,nan,nan,not_measured,not_measured,not_measured,not_measured
340,F340L,0.04,0.001,nan,nan,0.81,0.993,nan,nan,not_measured,not_measured,not_measured,not_measured
341,A341V,0.12,0.001,nan,nan,0.07,0.001,0.43,0.001,141.4078,89.6318,158.4736,1
344,A344V,0.21,0.001,20.13,0.001,1.48,0.002,1.68,0.001,not_measured,not_measured,not_measured,not_measured
345,G345E,0.12,0.001,nan,nan,0.38,0.8,nan,nan,16.076,34.9241,50.9713,1
347,L347C,0.09,0.001,nan,nan,nan,nan,nan,nan,not_measured,not_measured,not_measured,not_measured
351,F351L,0.31,0.001,11.3,0.001,0.91,0.651,0.66,0.001,not_measured,not_measured,not_measured,not_measured
353,L353P,0.07,0.001,nan,nan,nan,nan,nan,nan,not_measured,not_measured,not_measured,not_measured
357,Q357E,0.07,0.001,nan,nan,nan,nan,nan,nan,not_measured,not_measured,not_measured,not_measured
362,K362A,0.26,0.001,14.37,0.001,2.71,0.001,0.34,0.001,not_measured,not_measured,not_measured,not_measured
365,N365A,0.26,0.001,14.22,0.001,0.99,0.975,0.39,0.001,not_measured,not_measured,not_measured,not_measured
366,R366W,0.09,0.001,nan,nan,0.32,0.003,0.41,0.001,78,78.6,99.3,1
373,S373P,0.16,0.001,nan,nan,nan,nan,nan,nan,3.5293,25.4936,11.167,0
379,W379R,0.09,0.001,6.11,0.306,0.34,0.012,0.42,0.001,0,16.7,0,0
381,C381W,0.73,0.114,6.22,0.001,1.92,0.005,0.75,0.001,not_measured,not_measured,not_measured,not_measured
381,C381Y,0.61,0.012,2.47,0.14,1.6,0.088,1.07,0.06,not_measured,not_measured,not_measured,not_measured
388,D388N,1.03,0.968,2.26,0.097,1.51,0.165,0.95,0.123,not_measured,not_measured,not_measured,not_measured
392,W392R,0.13,0.001,nan,nan,nan,nan,0.48,0.001,5.7,21.5,26.6,0
513,T513S,0.57,0.051,-2.41,0.904,0.76,1,0.91,1,not_measured,not_measured,not_measured,not_measured
519,R519H,0.16,0.001,2.02,0.284,1.71,0.204,0.98,0.694,not_measured,not_measured,not_measured,not_measured
520,M520R,0.05,0.001,nan,nan,0.27,0.003,0.54,0.001,0,20.8,0,0
522,Y522S,0.06,0.001,nan,nan,0.24,0.001,0.45,0.001,0,16.1,0,0
525,A525T,0.11,0.001,nan,nan,0.48,0.8,nan,nan,23.8942,49.8313,47.9114,1
531,Q531E,0.49,0.001,4.98,0.001,1.3,0.871,0.9,0.032,not_measured,not_measured,not_measured,not_measured
533,R533W,0.07,0.001,9.08,0.001,nan,nan,nan,nan,not_measured,not_measured,not_measured,not_measured
539,R539W,0.13,0.001,-1.31,0.8,0.86,0.8,nan,nan,56.9541,82.5277,68.7389,1
555,R555H,0.51,0.001,1.78,0.617,1.13,0.8,nan,nan,104.0408,122.7057,85.1298,1
562,R562S,0.4,0.002,nan,nan,0.95,0.8,0.55,0.013,95.8419,135.2327,71.2452,1
143,S143M,not_measured,not_measured,not_measured,not_measured,not_measured,not_measured,not_measured,not_measured,78.1,56,139.8,not_measured
233,L233C,not_measured,not_measured,not_measured,not_measured,not_measured,not_measured,not_measured,not_measured,108,86.4,125.2,not_measured
167,F167C,not_measured,not_measured,not_measured,not_measured,not_measured,not_measured,not_measured,not_measured,68.6,51.4,133.7,not_measured
232,F232C,not_measured,not_measured,not_measured,not_measured,not_measured,not_measured,not_measured,not_measured,155.8,101,154.6,not_measured
209,S209M,not_measured,not_measured,not_measured,not_measured,not_measured,not_measured,not_measured,not_measured,27,53.1,51.1,not_measured
299,Y299C,not_measured,not_measured,not_measured,not_measured,not_measured,not_measured,not_measured,not_measured,4.9,30.4,15.7,not_measured
140,S140G,not_measured,not_measured,not_measured,not_measured,not_measured,not_measured,not_measured,not_measured,121.1,88.2,137.8,not_measured
140,S140M,not_measured,not_measured,not_measured,not_measured,not_measured,not_measured,not_measured,not_measured,83.3,48.9,171.2,not_measured
129,V129C,not_measured,not_measured,not_measured,not_measured,not_measured,not_measured,not_measured,not_measured,88.1,87.6,100.5,not_measured
129,V129M,not_measured,not_measured,not_measured,not_measured,not_measured,not_measured,not_measured,not_measured,67.4,50,134.8,not_measured
241,V241F,not_measured,not_measured,not_measured,not_measured,not_measured,not_measured,not_measured,not_measured,135.2,213.3,63.5,not_measured
133,V133M,not_measured,not_measured,not_measured,not_measured,not_measured,not_measured,not_measured,not_measured,88.7,102.7,86.5,not_measured
231,R231A,not_measured,not_measured,not_measured,not_measured,not_measured,not_measured,not_measured,not_measured,235.6,122.7,191.1,not_measured
231,R231E,not_measured,not_measured,not_measured,not_measured,not_measured,not_measured,not_measured,not_measured,31.2,41,76.5,not_measured
231,R231H,not_measured,not_measured,not_measured,not_measured,not_measured,not_measured,not_measured,not_measured,221.2,135.4,163.2,not_measured
231,R231K,not_measured,not_measured,not_measured,not_measured,not_measured,not_measured,not_measured,not_measured,75.8,56.6,133.6,not_measured
231,R231L,not_measured,not_measured,not_measured,not_measured,not_measured,not_measured,not_measured,not_measured,284.5,153.4,184.7,not_measured
231,R231Q,not_measured,not_measured,not_measured,not_measured,not_measured,not_measured,not_measured,not_measured,114.2,76.4,150.6,not_measured
231,R231S,not_measured,not_measured,not_measured,not_measured,not_measured,not_measured,not_measured,not_measured,125.1,82.3,151.2,not_measured
231,R231T,not_measured,not_measured,not_measured,not_measured,not_measured,not_measured,not_measured,not_measured,186.7,104.4,178.7,not_measured
231,R231V,not_measured,not_measured,not_measured,not_measured,not_measured,not_measured,not_measured,not_measured,295.3,137,215.8,not_measured
231,R231Y,not_measured,not_measured,not_measured,not_measured,not_measured,not_measured,not_measured,not_measured,279.6,110.5,254.3,not_measured
141,V141M,not_measured,not_measured,not_measured,not_measured,not_measured,not_measured,not_measured,not_measured,142.7,159.3,89.7,not_measured
230,I230C,not_measured,not_measured,not_measured,not_measured,not_measured,not_measured,not_measured,not_measured,116.8,86,135.9,not_measured
228,R228C,not_measured,not_measured,not_measured,not_measured,not_measured,not_measured,not_measured,not_measured,346.8,213.3,162.8,not_measured
228,R228M,not_measured,not_measured,not_measured,not_measured,not_measured,not_measured,not_measured,not_measured,357.5,209.1,171.2,not_measured
281,Y281C,not_measured,not_measured,not_measured,not_measured,not_measured,not_measured,not_measured,not_measured,4.5,22.8,18.7,not_measured
278,Y278C,not_measured,not_measured,not_measured,not_measured,not_measured,not_measured,not_measured,not_measured,42.8,53.9,79.1,not_measured
147,Q147R,not_measured,not_measured,not_measured,not_measured,not_measured,not_measured,not_measured,not_measured,74.9,98.6,76.2,not_measured
163,L163M,not_measured,not_measured,not_measured,not_measured,not_measured,not_measured,not_measured,not_measured,80.6,79.1,102.6,not_measured
274,I274V,not_measured,not_measured,not_measured,not_measured,not_measured,not_measured,not_measured,not_measured,128.8,103.5,125.1,not_measured
229,G229C,not_measured,not_measured,not_measured,not_measured,not_measured,not_measured,not_measured,not_measured,87.9,106.1,82.9,not_measured
212,V212A,not_measured,not_measured,not_measured,not_measured,not_measured,not_measured,not_measured,not_measured,173.2,137.1,126.3,not_measured
166,F166A,not_measured,not_measured,not_measured,not_measured,not_measured,not_measured,not_measured,not_measured,50.9,44.4,114.6,not_measured
166,F166C,not_measured,not_measured,not_measured,not_measured,not_measured,not_measured,not_measured,not_measured,58,51.3,113.1,not_measured
212,V212M,not_measured,not_measured,not_measured,not_measured,not_measured,not_measured,not_measured,not_measured,113.8,110.5,103.3,not_measured
144,T144M,not_measured,not_measured,not_measured,not_measured,not_measured,not_measured,not_measured,not_measured,28.6,36.6,78.5,not_measured
